Business,Category,Town/location,Existing website URL,Public source URL,Brief factual observation,Main visible redesign opportunity,Preliminary priority,Date checked
Cakeface,Bakery/café,Kilkenny City,https://cakeface.ie/,https://cakeface.ie/,Accessible branded site with limited practical detail early in the journey.,Make products ordering opening hours and location prominent,HIGH,2026-10-01
Kilkenny Café,Café,Kilkenny City,https://kilkennycafe.ie/,https://kilkennycafe.ie/,Accessible compact text-led site.,Improve menu booking/contact imagery and mobile hierarchy,HIGH,2026-10-01
Campagne,Restaurant,Kilkenny City,https://campagne.ie/,https://www.visitkilkenny.ie/,Domain returned service unavailable during check; current front-end quality partly Unknown.,Confirm availability and clarify menu reservations trust and visit information,MEDIUM,2026-10-01
The Grapevine,Wine bar/restaurant,Kilkenny City,https://www.thegrapevinekilkenny.com/,https://www.tripadvisor.ie/,Small venue proposition with unclear homepage information architecture.,Stronger reservation CTA menu visibility location and visual storytelling,HIGH,2026-10-01
Rive Gauche,Restaurant,Kilkenny City,https://www.riveauche.ie/,https://www.tripadvisor.ie/,Website availability inconsistent; current status Unknown.,If restored clarify booking menu hours and mobile contact,MEDIUM,2026-10-01
La Rivista,Italian restaurant,Kilkenny City,https://www.larivista.ie/,https://www.tripadvisor.ie/,Traditional structure with limited above-the-fold action.,Modernise menu/reservations and visual confidence on mobile,MEDIUM,2026-10-01
The Book Centre,Bookshop/gifts,Kilkenny City,https://thebookcentre.ie/,https://thebookcentre.ie/,Dense catalogue-style e-commerce presentation.,Improve local shop discovery events store information and editorial merchandising,MEDIUM,2026-10-01
Kilkenny Design Centre,Craft/design retail,Kilkenny City,https://kilkennydesign.com/,https://www.kilkennydesign.com/,Substantial content and catalogue material but information-dense.,Separate shop makers visitor and food journeys; strengthen local story,MEDIUM,2026-10-01
Made in Kilkenny,Local gifts/craft retail,Kilkenny City,https://madeinkilkenny.ie/,https://madeinkilkenny.ie/,Accessible local-product site with scope for more visual discovery.,Improve maker profiles product categories shop/visit CTA and trust,HIGH,2026-10-01
Kilkenny Shop,Gift/craft retail,Kilkenny City,https://www.kilkennyshop.com/,https://www.kilkennyshop.com/,Catalogue presence competes with local visitor information.,Sharpen Kilkenny navigation visit details and merchandising,LOW,2026-10-01
Kieran Street Boutique,Independent fashion,Kilkenny City,https://www.kieranstreetboutique.ie/,https://www.facebook.com/,Website/source availability limited; current content partly Unknown.,Confirm operation then improve stock discovery social proof and contact,LOW,2026-10-01
The Greenhouse,Boutique/interiors,Kilkenny City,https://www.thegreenhousekilkenny.ie/,https://www.facebook.com/,Domain not consistently reachable; current quality Unknown.,Confirm live status then prioritise product presentation and visit information,LOW,2026-10-01
Kilkenny Design House,Homeware/design,Kilkenny City,https://www.kilkennydesignhouse.ie/,https://www.facebook.com/,Traditional catalogue-light presentation.,Improve product/brand storytelling opening hours and enquiry,MEDIUM,2026-10-01
The Flower Shop Kilkenny,Florist,Kilkenny City,https://www.theflowershopkilkenny.com/,https://www.google.com/maps/,Florist site does not immediately surface delivery occasions and ordering.,Lead with occasions delivery area order CTA and contact,HIGH,2026-10-01
Butler House,Guesthouse/wedding venue,Kilkenny City,https://butlerhouse.net/,https://butlerhouse.net/,Strong heritage proposition with competing stay wedding dining and garden journeys.,Simplify booking/event paths and strengthen room information,HIGH,2026-10-01
Pembroke Hotel,Hotel,Kilkenny City,https://www.pembrokekilkenny.com/,https://www.pembrokekilkenny.com/,Content-rich site with booking offers and local information competing.,Clearer conversion hierarchy room comparison local guide and trust,MEDIUM,2026-10-01
The Tower House B&B,B&B,Thomastown,https://www.towerhousebandb.com/,https://www.visitkilkenny.ie/,Image-led traditional structure with limited early detail.,Improve room/pricing context availability directions and mobile scanning,HIGH,2026-10-01
Celtic House B&B,B&B,Kilkenny City,https://www.celtichousebandb.com/,https://www.tripadvisor.ie/,Website availability inconsistent; current content/status partly Unknown.,Confirm live status then modernise booking/contact and accommodation,LOW,2026-10-01
Kilkenny Walking Tours,Tourism/tours,Kilkenny City,https://kilkennywalkingtours.ie/,https://kilkennywalkingtours.ie/,Clear offer in simple text-forward structure.,Stronger booking CTA guide credibility schedule and mobile conversion,HIGH,2026-10-01
Kilkenny Cycling Tours,Tourism/tours,Kilkenny City/county,https://www.kilkennycyclingtours.com/,https://www.visitkilkenny.ie/,Itinerary meeting point and booking details could be surfaced faster.,Use route cards practical planning and prominent booking,MEDIUM,2026-10-01
Kilkenny Chiropractic Clinic,Health service,Kilkenny City,https://www.kilkennychiropracticclinic.com/,https://www.kilkennychiropracticclinic.com/,Informative conventional clinic layout with long information path.,Clarify first appointment services practitioner trust and FAQs,MEDIUM,2026-10-01
The Men's Room Kilkenny,Barber,Kilkenny City,https://www.themensroomkilkenny.ie/,https://www.facebook.com/,Website/source not consistently reachable; current quality Unknown.,Confirm current site and prioritise booking prices team and location,LOW,2026-10-01
Hair Culture Kilkenny,Hair salon,Kilkenny City,https://www.hairculturekilkenny.ie/,https://www.facebook.com/,Local salon domain identifiable but booking presentation partly Unknown.,Lead with services/prices stylist work booking and hours,MEDIUM,2026-10-01
Kilkenny Gym,Independent gym,Kilkenny City,https://www.kilkennygym.com/,https://www.facebook.com/,Clear proposition in traditional content-heavy presentation.,Make membership CTA timetable facilities pricing and trial journey clearer,HIGH,2026-10-01
Kilkenny Car Centre,Independent car dealer,Kilkenny City,https://www.kilkennycarcentre.ie/,https://www.kilkennycarcentre.ie/,Inventory-led site with trust and enquiry actions competing with stock.,Improve filtering vehicle detail finance and enquiry CTA,MEDIUM,2026-10-01
Kilkenny Ormonde Motors,Independent motor business,Kilkenny City,https://www.kilkennyormondemotors.ie/,https://www.google.com/maps/,Service sales and contact journeys not strongly separated.,Make services stock finance hours and contact task-oriented,MEDIUM,2026-10-01
Kilkenny Carpet & Flooring,Flooring/home,Kilkenny City,https://www.kilkennycarpet.ie/,https://www.google.com/maps/,Website availability inconsistent; current status Unknown.,Confirm live status then use imagery ranges measuring and quote CTAs,LOW,2026-10-01
Kilkenny Stone & Marble,Home/building materials,County Kilkenny,https://www.kilkennystone.ie/,https://www.google.com/maps/,Product/service presentation is fairly catalogue-like.,Improve project gallery material explanation quote CTA and service area,HIGH,2026-10-01
Bowe Engineering,Engineering/manufacturing,County Kilkenny,https://www.boweengineering.ie/,https://www.google.com/maps/,Traditional B2B presentation with limited immediate capability proof.,Clarify sectors capabilities certifications case studies and enquiry,MEDIUM,2026-10-01
Kilkenny Architectural & Engineering Services,Professional services,County Kilkenny,https://www.kaes.ie/,https://www.google.com/maps/,Conventional professional-services structure with limited project evidence above fold.,Improve services projects team trust and consultation CTA,MEDIUM,2026-10-01
T.J. Reid Builders,Builder/trade,County Kilkenny,https://www.tjreidbuilders.com/,https://www.google.com/maps/,Traditional builder presence where project evidence and contact need discovery.,Make portfolio process service area credentials and quote journey prominent,HIGH,2026-10-01
Kilkenny Roofing,Roofing/trade,County Kilkenny,https://www.kilkennyroofing.ie/,https://www.google.com/maps/,Current page structure and mobile experience partly Unknown.,Clarify emergency/standard services proof coverage and quote CTA,MEDIUM,2026-10-01
