Business,Category,Town,Website,Current Visual Quality /10,Datedness /10,Before/After Potential /10,SME Outreach Fit /10,Content Availability /10,Visual Concept Feasibility /10,Classification,Exact visible reasons the website qualifies,What a modern redesign could dramatically improve,Public source,Date verified
The Grapevine,Wine bar and restaurant,Kilkenny City,https://grapevinetapasbar.ie/,4,8,9,9,9,10,A — PRIME REDESIGN TARGET,"Desktop uses tiny navigation, a legacy-style image carousel, large dead areas and repetitive offer blocks; mobile is dominated by a cropped slider and has weak immediate booking/menu hierarchy.","A modern atmospheric hero, concise menu previews, opening details and a persistent reservation path would create an immediate hospitality-focused difference.",https://www.discoverireland.ie/kilkenny/the-grapevine,2026-10-01
Forget Me Not Florist,Florist,Kilkenny City,https://www.forgetmenotkilkenny.com/,2,10,10,9,8,10,A — PRIME REDESIGN TARGET,"The blue framed layout, low-resolution logo, tiny utility icons, old button styling, narrow banner and dense navigation are visibly from an earlier web era on both desktop and mobile.","A product-led occasion and delivery experience with modern photography, typography, ordering calls to action and local trust would be dramatically stronger.",https://www.forgetmenotkilkenny.com/,2026-10-01
Yvonne Ross Jewellery,Jewellery designer/retailer,Kilkenny City,https://www.yvonneross.com/,2,9,10,9,7,10,A — PRIME REDESIGN TARGET,"The homepage is a sparse fixed black canvas built around bitmap-style brand panels and disconnected product images; hierarchy, navigation and calls to action are minimal.","A refined editorial jewellery presentation could foreground collections, craftsmanship, commissions, the designer story and enquiries with substantially better image treatment.",https://www.yvonneross.com/,2026-10-01
The Hub Thomastown,Café and community shop,Thomastown,https://marleneboportfolio.wixsite.com/thehubthomastown,3,9,9,9,7,9,A — PRIME REDESIGN TARGET,"A free-Wix banner remains visible, the page uses a busy collage of colours and images, overlapping/awkward content blocks, dated slideshow styling and an uneven mobile composition.","A warm café-led identity with a clear menu, hours, location, events/community story and coherent photography would produce an obvious before/after.",https://marleneboportfolio.wixsite.com/thehubthomastown,2026-10-01
BC Manufacturing,Manufacturer/FMCG supplier,Freshford,http://bcmanufacturing.ie/,3,9,9,8,7,8,A — PRIME REDESIGN TARGET,"The homepage shows a free-site-builder banner, small grey/orange boxed modules, tiny typography, dated thumbnail panels and weak visual proof; mobile remains a stack of legacy content boxes.","A credible B2B capabilities site could clarify products, customers, facilities, quality standards and enquiries with modern industrial imagery and trust signals.",http://bcmanufacturing.ie/,2026-10-01
Urlingford Arms Hotel,Hotel/bar/restaurant,Urlingford,https://www.urlingfordarms.com/,1,10,10,8,8,9,A — PRIME REDESIGN TARGET,"The site uses a narrow fixed-width beige/red layout, table-like navigation, tiny text, low-resolution imagery and old sidebar composition; on mobile the desktop page is squeezed and cropped rather than responsively redesigned.","Modern room, food, event and local-information journeys with strong photography and direct booking/contact actions would create one of the clearest transformations in the set.",https://www.urlingfordarms.com/,2026-10-01
Kevin Moore Building Contractor,Building contractor,Kilkenny City,https://www.kevinmooreltd.com/,3,9,10,8,8,9,A — PRIME REDESIGN TARGET,"The desktop has an oversized legacy carousel, basic blue navigation, very large logo text and weak content hierarchy; the mobile view crops the desktop header and navigation instead of adapting cleanly.","A project-led contractor site could showcase sectors, completed work, company history since 1979, credentials and a strong enquiry path with a professional modern system.",https://www.kevinmooreltd.com/,2026-10-01
KC Build,Builder and construction services,Kilkenny City and County Kilkenny,https://kcbuild.ie/,4,8,9,9,8,9,A — PRIME REDESIGN TARGET,"Rigid purple header bands, small utility text, dated boxed call/email buttons, a static house image and long plain paragraphs make the site look visibly older; mobile hierarchy remains awkward and text-heavy.","A project portfolio, clear residential/commercial services, process, reviews/accreditations and quote journey could be presented with much greater credibility.",https://kcbuild.ie/builders-kilkenny/,2026-10-01
Philip Holohan Kitchens,Kitchen supplier/installer,Kilkenny City and County Kilkenny,https://philipholohan.com/,4,8,9,9,8,10,A — PRIME REDESIGN TARGET,"The narrow desktop canvas, tiny navigation and body text, small gallery thumbnails, dated gold accents and weak quote button make premium kitchen work feel under-presented; mobile content is cramped and text-led.","A full-width visual portfolio with kitchen styles, project case studies, process, showroom/service area and consultation calls to action would create a premium transformation.",https://philipholohan.com/kitchens-kilkenny/,2026-10-01
Frisby Kitchens & Wardrobes,Kitchens/wardrobes/bespoke furniture,Mullinavat,https://www.frisbykitchens.ie/,4,8,9,9,8,10,A — PRIME REDESIGN TARGET,"The desktop relies on a narrow left sidebar, dated red content blocks, small copy and old tile-gallery composition; cookie controls and mobile stacking crowd the already limited visual hierarchy.","A contemporary interiors portfolio could separate kitchens, wardrobes, vanity and bespoke work, add project stories and make consultation/enquiry the clear next step.",https://www.frisbykitchens.ie/,2026-10-01
Fogarty Drilling Ltd,Well drilling/geothermal/pump installation,Gowran,https://fogartywelldrilling.ie/,4,8,9,8,8,8,A — PRIME REDESIGN TARGET,"The charcoal theme, very small navigation/type, legacy image strip, boxed service icons and compressed footer make a specialist engineering service look dated despite responsive behaviour.","A modern technical-services site could explain water wells, geothermal and pumps with process diagrams, equipment/project proof, coverage and a prominent quotation route.",https://fogartywelldrilling.ie/,2026-10-01
Lekker Food Co.,Food producer/patisserie,Thomastown,https://www.lekkerfoodco.ie/,4,8,9,8,8,10,A — PRIME REDESIGN TARGET,"A busy floral background surrounds a narrow centred page with tiny navigation, thin rules, old buttons and fragmented shop/celebration/reservation choices; the mobile composition feels squeezed rather than purpose-designed.","A modern food-led concept could unite sauces, patisserie and celebrations through strong product imagery, clear shopping categories, local story and ordering actions.",https://www.lekkerfoodco.ie/,2026-10-01
La Rivista,Restaurant/food market/catering,Kilkenny City,https://larivistamarket.ie/,5,7,8,9,9,9,B — POSSIBLE REDESIGN TARGET,"The heavy patterned header, compact typography, traditional centred layout and repeated two-column text/image blocks feel dated, although the site remains functional and responsive.","A stronger food identity could explain restaurant, market, takeaway and catering immediately, simplify menus and make booking/order/contact actions visually dominant.",https://larivistamarket.ie/,2026-10-01
Luke Parsons Hair Salon,Hair salon,Kilkenny City,https://www.lukeparsonshairsalon.ie/,5,7,8,9,7,9,B — POSSIBLE REDESIGN TARGET,"The site has tiny widely spaced navigation, an old slideshow, large empty areas, narrow centred text and no strong appointment action; mobile shows a large static salon image followed by small text.","A modern salon concept could foreground services, prices, stylist work, team, reviews and booking with more confident typography and imagery.",https://www.lukeparsonshairsalon.ie/,2026-10-01
All Floors Kilkenny,Flooring supplier/installer,Kilkenny City,https://allfloorskilkenny.com/,5,7,8,9,8,9,B — POSSIBLE REDESIGN TARGET,"Desktop has excessive blank header space, tiny navigation, sparse product presentation and inconsistent content scale; on mobile a promotional product card dominates before visitors understand ranges or services.","A room-led flooring catalogue with material comparisons, fitting/measurement information, project imagery and a quote/visit CTA could make the business substantially easier to evaluate.",https://allfloorskilkenny.com/,2026-10-01
