Business,Category,Location,Website,Current Website Quality,Transformation Potential,Content Availability,Visual Feasibility,Commercial Relevance,Demo Build Feasibility,SME Outreach Fit,Content Base,Visual Potential,Technical Complexity,Public Demo Suitability,Final Classification,Primary Reason,Important Risk,Date Checked
Cakeface,Bakery/café,Kilkenny City,https://cakeface.ie/,7,6,9,9,9,7,8,GOOD CONTENT BASE,STRONG VISUAL POTENTIAL,VISUAL CONCEPT POSSIBLE WITH SIMPLIFIED FUNCTIONALITY,SUITABLE WITH CAUTION,B — GOOD REDESIGN CANDIDATE,"Real story, locations, events, cookery school and shop content support a polished hospitality concept; navigation and competing conversion paths could be simplified.","The current site is already competent and includes e-commerce, so the before/after must be more than a style change.",2026-10-01
Kilkenny Café,Café,Kilkenny City,https://kilkennycafe.ie/,8,4,9,8,9,8,5,GOOD CONTENT BASE,STRONG VISUAL POTENTIAL,VISUAL CONCEPT EASY,SUITABLE,"C — POSSIBLE, BUT WITH LIMITATIONS","Menus, locations, sustainability, gallery and contact information are comprehensive and professionally arranged.","The current multi-location site is already modern and clear; likely improvement is incremental rather than dramatic.",2026-10-01
Campagne,Restaurant,Kilkenny City,https://www.campagne.ie/,2,9,7,8,9,7,7,LIMITED BUT USABLE,STRONG VISUAL POTENTIAL,VISUAL CONCEPT EASY,SUITABLE WITH CAUTION,A — EXCELLENT REDESIGN CANDIDATE,"The official domain currently fails at TLS/proxy level while public menu and Michelin information establish a credible restaurant proposition; a modern reservation-led concept would show a major improvement.","The official site could not be inspected beyond the error response and restaurant imagery must be licensed or replaced with clearly temporary concept imagery.",2026-10-01
The Grapevine,Wine bar/restaurant,Kilkenny City,https://grapevinetapasbar.ie/,4,9,9,9,10,9,9,GOOD CONTENT BASE,STRONG VISUAL POTENTIAL,VISUAL CONCEPT EASY,SUITABLE,A — EXCELLENT REDESIGN CANDIDATE,"The live site has extensive menus, booking, vouchers, gallery, about and contact content, but repetitive navigation and a very long homepage obscure the core dining journey.","A concept should link to or clearly simulate reservations without accepting real bookings.",2026-10-01
Rive Gauche,Restaurant,Kilkenny City,https://www.rivegauche.ie/,6,7,8,9,10,8,8,GOOD CONTENT BASE,STRONG VISUAL POTENTIAL,VISUAL CONCEPT EASY,SUITABLE,B — GOOD REDESIGN CANDIDATE,"The Wix site provides menus, story, hours, contact, reservations and vouchers; its sparse homepage and template-led hierarchy leave room for a stronger atmosphere-and-booking concept.","The current presentation is not severely dated, so gains depend on excellent art direction and content hierarchy.",2026-10-01
La Rivista,Italian restaurant/food market,Kilkenny City,https://larivistamarket.ie/,5,9,9,9,10,9,9,GOOD CONTENT BASE,STRONG VISUAL POTENTIAL,VISUAL CONCEPT EASY,SUITABLE,A — EXCELLENT REDESIGN CANDIDATE,"The live site contains restaurant, market, catering, takeaway and multiple current menus, but duplicated menu navigation and a fragmented offer create a clear restructuring opportunity.","The concept must accurately distinguish restaurant, food market, takeaway and catering services.",2026-10-01
The Book Centre,Bookshop/gifts,Kilkenny City,https://thebookcentre.ie/,7,5,10,8,10,4,5,GOOD CONTENT BASE,STRONG VISUAL POTENTIAL,TOO COMPLEX FOR INITIAL OUTREACH DEMO,SUITABLE WITH CAUTION,"C — POSSIBLE, BUT WITH LIMITATIONS","The site has abundant catalogue, local-book, store, loyalty and contact content, but dense merchandising could be improved visually.","A convincing replacement would imply a large e-commerce catalogue, customer accounts, stock, checkout and fulfilment integrations.",2026-10-01
Kilkenny Design Centre,Craft/design retail,Kilkenny City,https://kilkennydesign.com/,8,4,10,10,10,3,3,GOOD CONTENT BASE,STRONG VISUAL POTENTIAL,TOO COMPLEX FOR INITIAL OUTREACH DEMO,SUITABLE WITH CAUTION,"C — POSSIBLE, BUT WITH LIMITATIONS","The site has strong Irish-design imagery, product depth and store information, but visitor, retail and storytelling journeys are content-dense.","It is a mature multi-store e-commerce operation with accounts, currency, rewards and a large catalogue; a small demo could understate its scope.",2026-10-01
Made in Kilkenny,Local craft collective,Kilkenny City and County Kilkenny,https://madeinkilkenny.ie/,5,9,10,10,8,9,9,GOOD CONTENT BASE,STRONG VISUAL POTENTIAL,VISUAL CONCEPT EASY,SUITABLE,A — EXCELLENT REDESIGN CANDIDATE,"Verified maker profiles, story, experiences, trail map, shop, news and partners provide unusually rich local material for a more visual craft-and-discovery experience.","It is a member-run collective rather than a conventional owner-operated shop, so outreach ownership and image permissions require care.",2026-10-01
Kilkenny Shop,Gift/craft retail,Kilkenny City,https://kilkennydesign.com/,8,3,10,10,10,3,2,GOOD CONTENT BASE,STRONG VISUAL POTENTIAL,TOO COMPLEX FOR INITIAL OUTREACH DEMO,NOT RECOMMENDED,D — DO NOT REDESIGN,"The Phase 1 URL redirects to the same established Kilkenny Design multi-store e-commerce site rather than a distinct small Kilkenny business website.","Duplicate candidate and centrally managed national retail operation; there is no separate SME site to redesign.",2026-10-01
Kieran Street Boutique,Independent fashion,Kilkenny City,https://www.kieranstreetboutique.ie/,0,2,1,3,6,2,2,INSUFFICIENT,DIFFICULT,VISUAL CONCEPT EASY,NOT RECOMMENDED,D — DO NOT REDESIGN,"The listed domain does not resolve and searches did not verify a current business with this exact name and official website.","Business identity and operating status are unverified; using another boutique's information would be misleading.",2026-10-01
The Greenhouse,Boutique/interiors,Kilkenny City,https://www.thegreenhousekilkenny.ie/,0,2,1,3,6,2,2,INSUFFICIENT,DIFFICULT,VISUAL CONCEPT EASY,NOT RECOMMENDED,D — DO NOT REDESIGN,"The listed domain does not resolve and no matching independent Kilkenny interiors business with an official site was verified.","Search results point to unrelated businesses, so factual content and ownership cannot be established.",2026-10-01
Kilkenny Design House,Homeware/design,Kilkenny City,https://www.kilkennydesignhouse.ie/,0,2,1,3,6,2,1,INSUFFICIENT,DIFFICULT,VISUAL CONCEPT EASY,NOT RECOMMENDED,D — DO NOT REDESIGN,"The listed domain does not resolve and discovery results lead to Kilkenny Design rather than a distinct Design House SME.","Likely duplicate or misnamed candidate; no independent official website or content base was verified.",2026-10-01
The Flower Shop Kilkenny,Florist,Kilkenny City,https://www.theflowershopkilkenny.com/,0,3,2,8,9,4,4,INSUFFICIENT,WORKABLE,VISUAL CONCEPT EASY,NOT RECOMMENDED,D — DO NOT REDESIGN,"The florist category has strong concept potential, but the named domain does not resolve and the exact business could not be matched to an official site.","Other active Kilkenny florists appeared in search, but substituting their facts would change the Phase 1 candidate.",2026-10-01
Butler House,Guesthouse/wedding venue,Kilkenny City,https://www.butler.ie/,7,7,10,10,10,6,6,GOOD CONTENT BASE,STRONG VISUAL POTENTIAL,VISUAL CONCEPT POSSIBLE WITH SIMPLIFIED FUNCTIONALITY,SUITABLE WITH CAUTION,B — GOOD REDESIGN CANDIDATE,"Rooms, dining, heritage, gardens, weddings, events, offers and galleries provide an exceptional content base, while the very broad navigation could be reorganised into clearer guest journeys.","Live booking, multilingual content, vouchers and wedding enquiries make the full site complex; Butler House is operated by Kilkenny Civic Trust rather than a typical private SME.",2026-10-01
Pembroke Hotel,Hotel,Kilkenny City,https://www.pembrokekilkenny.com/,9,3,10,10,10,4,3,GOOD CONTENT BASE,STRONG VISUAL POTENTIAL,TOO COMPLEX FOR INITIAL OUTREACH DEMO,SUITABLE WITH CAUTION,"C — POSSIBLE, BUT WITH LIMITATIONS","The current site is polished and comprehensive across rooms, offers, dining, events, wellness, local guides, awards and business stays.","Any redesign would be mostly stylistic and would need to coexist with hotel booking and operational integrations.",2026-10-01
The Tower House B&B,B&B,Thomastown,https://www.towerhousebandb.com/,0,3,4,7,9,4,4,LIMITED BUT USABLE,WORKABLE,VISUAL CONCEPT EASY,NOT RECOMMENDED,D — DO NOT REDESIGN,"The listed owned domain does not resolve; current accommodation facts are available mainly through third-party booking and review platforms.","No verifiable official website or owner-controlled content base was found, making an unofficial public concept too easy to misrepresent.",2026-10-01
Celtic House B&B,B&B,Kilkenny City,https://www.celtichousebandb.com/,0,3,4,7,9,4,4,LIMITED BUT USABLE,WORKABLE,VISUAL CONCEPT EASY,NOT RECOMMENDED,D — DO NOT REDESIGN,"The listed domain does not resolve and the operating accommodation is represented mainly on Visit Kilkenny and booking platforms.","Room details, direct-booking policies and approved imagery cannot be verified on an owner-controlled website.",2026-10-01
Kilkenny Walking Tours,Tourism/tours,Kilkenny City,https://kilkennywalkingtours.ie/,4,9,10,9,10,10,10,GOOD CONTENT BASE,STRONG VISUAL POTENTIAL,VISUAL CONCEPT EASY,SUITABLE,A — EXCELLENT REDESIGN CANDIDATE,"The site has named tours, public/private options, prices, meeting point, guide biography, FAQs, awards and contact details, but dense text, repeated contact data and a dated 2025 schedule weaken the booking journey.","Dates and availability need explicit verification before a public concept; no booking should be accepted by the demo.",2026-10-01
Kilkenny Cycling Tours,Tourism/tours,Kilkenny City and County Kilkenny,https://kilkennycyclingtours.com/,7,6,10,9,10,7,8,GOOD CONTENT BASE,STRONG VISUAL POTENTIAL,VISUAL CONCEPT POSSIBLE WITH SIMPLIFIED FUNCTIONALITY,SUITABLE,B — GOOD REDESIGN CANDIDATE,"Tours, rentals, hydrobikes, prices, durations, multilingual options, sights, gallery and booking CTAs provide a strong factual base for clearer experience discovery.","The current site is already capable and uses booking/gift-card functionality, so a demo should simplify rather than pretend to replace operations.",2026-10-01
Kilkenny Chiropractic Clinic,Health service,Kilkenny City,https://www.kilkennychiropracticclinic.com/,5,8,10,7,10,9,9,GOOD CONTENT BASE,WORKABLE,VISUAL CONCEPT EASY,SUITABLE WITH CAUTION,A — EXCELLENT REDESIGN CANDIDATE,"The single long-form site contains verified clinic history, practitioner biographies, qualifications and contact material, offering a clear opportunity for service navigation and first-visit reassurance.","Health wording must remain factual and avoid new treatment outcomes, guarantees or unsupported medical claims.",2026-10-01
The Men's Room Kilkenny,Barber,Kilkenny City,https://www.themensroomkilkenny.ie/,0,2,1,5,9,3,2,INSUFFICIENT,WORKABLE,VISUAL CONCEPT EASY,NOT RECOMMENDED,D — DO NOT REDESIGN,"The listed Kilkenny domain does not resolve; the similarly named Nearcut site contains reviews referring to Doncaster and cannot be treated as this candidate.","Identity mismatch creates a high risk of using another barber's services, staff, reviews or imagery.",2026-10-01
Hair Culture Kilkenny,Hair salon,Kilkenny City,https://www.hairculturekilkenny.ie/,0,2,1,6,9,3,2,INSUFFICIENT,WORKABLE,VISUAL CONCEPT EASY,NOT RECOMMENDED,D — DO NOT REDESIGN,"The listed domain does not resolve and searches did not verify an exact current Kilkenny salon and official site under this name.","Using information from other active salons would misidentify the business.",2026-10-01
Kilkenny Gym,Independent gym,Kilkenny City,https://www.kilkennygym.com/,0,2,1,6,10,3,2,INSUFFICIENT,WORKABLE,VISUAL CONCEPT EASY,NOT RECOMMENDED,D — DO NOT REDESIGN,"The listed domain does not resolve and search results identify other gyms rather than a current business with this exact name.","Membership, facilities, timetable, location and operating status are not verifiable for the named candidate.",2026-10-01
Kilkenny Car Centre,Independent car dealer,Kilkenny City,https://www.kilkennycarcentre.ie/,0,2,2,6,10,2,2,INSUFFICIENT,WORKABLE,TOO COMPLEX FOR INITIAL OUTREACH DEMO,NOT RECOMMENDED,D — DO NOT REDESIGN,"The listed domain does not resolve; searches identify Kilkenny Vehicle Centre, a differently named dealer with its own website.","Business-name mismatch plus inventory and finance-feed complexity make a speculative concept inappropriate.",2026-10-01
Kilkenny Ormonde Motors,Independent motor business,Kilkenny City,https://www.kilkennyormondemotors.ie/,0,1,1,4,9,2,1,INSUFFICIENT,DIFFICULT,TOO COMPLEX FOR INITIAL OUTREACH DEMO,NOT RECOMMENDED,D — DO NOT REDESIGN,"The listed domain does not resolve and no current official dealer website for the exact business was verified.","Search results include an old company listing and unrelated Ormonde businesses; operating status is uncertain.",2026-10-01
Kilkenny Carpet & Flooring,Flooring/home,Kilkenny City,https://www.kilkennycarpet.ie/,0,2,1,7,8,3,2,INSUFFICIENT,WORKABLE,VISUAL CONCEPT EASY,NOT RECOMMENDED,D — DO NOT REDESIGN,"The listed domain does not resolve and search results show several differently named flooring firms rather than the exact candidate.","No reliable official content, portfolio, service area or contact identity was established.",2026-10-01
Kilkenny Stone & Marble,Home/building materials,County Kilkenny,https://www.kilkennystone.ie/,0,2,1,8,8,3,2,INSUFFICIENT,WORKABLE,VISUAL CONCEPT EASY,NOT RECOMMENDED,D — DO NOT REDESIGN,"The listed domain does not resolve and search results do not verify a current company with the exact name and official website.","The phrase overlaps the regional stone material itself, making business identity especially uncertain.",2026-10-01
Bowe Engineering,Engineering/manufacturing,County Kilkenny,https://www.boweengineering.ie/,0,1,1,4,8,2,1,INSUFFICIENT,DIFFICULT,VISUAL CONCEPT EASY,NOT RECOMMENDED,D — DO NOT REDESIGN,"The Phase 1 domain does not resolve; the live BOWE Consulting Engineers site found in search states that its office is in Carlow, not County Kilkenny.","This is a location and identity mismatch, so the Carlow firm's services and projects cannot support the named candidate.",2026-10-01
Kilkenny Architectural & Engineering Services,Professional services,County Kilkenny,https://www.kaes.ie/,0,1,1,3,8,2,1,INSUFFICIENT,DIFFICULT,VISUAL CONCEPT EASY,NOT RECOMMENDED,D — DO NOT REDESIGN,"The listed domain does not resolve; the available KAES site describes Kinetic Aerospace Engineering Sciences and is not the claimed Kilkenny practice.","Strong identity mismatch and no verified local portfolio, team, address or services.",2026-10-01
T.J. Reid Builders,Builder/trade,County Kilkenny,https://www.tjreidbuilders.com/,0,2,1,7,9,3,3,INSUFFICIENT,WORKABLE,VISUAL CONCEPT EASY,NOT RECOMMENDED,D — DO NOT REDESIGN,"The listed domain does not resolve and searches did not verify an exact operating builder with an official website or project portfolio.","The name is confusable with a prominent Kilkenny sportsperson; company identity, projects and credentials remain unverified.",2026-10-01
Kilkenny Roofing,Roofing/trade,County Kilkenny,https://kilkennyroofingandguttering.ie/,3,8,8,6,10,9,7,GOOD CONTENT BASE,WORKABLE,VISUAL CONCEPT EASY,SUITABLE WITH CAUTION,A — EXCELLENT REDESIGN CANDIDATE,"A live local-service site publishes roofing, guttering and chimney services plus a direct phone CTA, but generic copy, weak proof and limited imagery leave a large trust-and-quote improvement opportunity.","The Phase 1 URL is dead and multiple near-identical Kilkenny roofing domains share the same phone number; business identity and claims must be verified before outreach or publication.",2026-10-01
